id,address,email,first_name,gender,last_name,phone,picture,post_code,registered_date,username
13ca61cb-0829-45ab-8f95-71735097bb68,"1170 Hærvejen, Frederiksberg, Syddanmark, Denmark",julie.madsen@example.com,Julie,female,Madsen,32012817,https://randomuser.me/api/portraits/med/women/54.jpg,27905,2017-10-15T09:11:47.791Z,sadostrich690
b92b1c07-0d40-43e1-8717-0f0b58828dd8,"6306 Calle del Pez, Torrejón de Ardoz, Aragón, Spain",jesus.jimenez@example.com,Jesús,female,Jiménez,923-350-793,https://randomuser.me/api/portraits/med/women/71.jpg,88911,2002-09-04T16:06:46.106Z,blueswan839
4d8aacb8-66bd-4c4f-a20d-100f40b969cb,"8069 Avenida Angola, Acanceh, Coahuila, Mexico",hilda.dominguez@example.com,Hilda,female,Domínguez,(671) 844 9937,https://randomuser.me/api/portraits/med/women/31.jpg,99725,2007-06-09T06:26:45.957Z,beautifulrabbit706
7de88265-26b5-4431-b6db-ad7bf2bfa288,"1759 Bistražinska, Valjevo, Nišava, Serbia",vuk.mitrovic@example.com,Vuk,male,Mitrović,031-6114-380,https://randomuser.me/api/portraits/med/men/66.jpg,82725,2013-04-05T14:26:48.134Z,tinyladybug774
d24f8ca7-55f2-451c-bc11-4bb4445245e7,,,,,,,,,,
9875087e-3bae-4029-b75d-bdb28c3115d6,,,,,,,,,,
ca649b4b-dea4-4501-afec-3cdbd9e05c9e,"2870 Fatih Sultan Mehmet Cd, Kars, Yozgat, Turkey",fatma.oymen@example.com,Fatma,female,Öymen,(775)-883-9668,https://randomuser.me/api/portraits/med/women/60.jpg,59185,2003-07-13T04:17:59.929Z,greenostrich403
4ce31691-0ae8-4213-a996-542b61aa23d6,"7512 Continuación Mares, Naucalpan de Juárez, Chihuahua, Mexico",analuisa.fuentes@example.com,Ana Luisa,female,Fuentes,(662) 285 9927,https://randomuser.me/api/portraits/med/women/72.jpg,43751,2008-12-13T21:02:38.700Z,angryleopard298
19cfcfea-baf0-47e9-884c-06924919e633,"6566 Kazimar St, Morena, Himachal Pradesh, India",yatin.dalvi@example.com,Yatin,male,Dalvi,8431047916,https://randomuser.me/api/portraits/med/men/39.jpg,77555,2009-05-17T22:31:09.603Z,bigpeacock997
be704b55-39e8-4ea7-b45c-c94a6f6a9772,"4982 Maharanipeta, Jalgaon, Uttarakhand, India",sapthashree.mathew@example.com,Sapthashree,female,Mathew,9516355920,https://randomuser.me/api/portraits/med/women/86.jpg,94941,2011-12-23T18:05:42.166Z,ticklishpanda391
4ac518a2-9b70-4fc4-abed-b818571b39f1,"2153 Rue Paul-Duvivier, Rochefort, Jura, Switzerland",andrew.hubert@example.com,Andrew,male,Hubert,076 273 03 24,https://randomuser.me/api/portraits/med/men/15.jpg,5388,2003-10-13T11:12:02.374Z,lazywolf438
389da4c3-9bf1-452a-b23a-105b1d4a5d1b,"3268 Carrington Road, New Plymouth, Gisborne, New Zealand",isabelle.taylor@example.com,Isabelle,female,Taylor,(313)-293-1984,https://randomuser.me/api/portraits/med/women/49.jpg,89122,2020-06-01T13:10:57.071Z,beautifulcat765
2e5ddf75-ae6b-4c5a-927d-2b788b67a984,"1483 Ampliación Norte Hinojosa, Zaragoza, Coahuila, Mexico",magdalena.colon@example.com,Magdalena,female,Colón,(650) 397 4196,https://randomuser.me/api/portraits/med/women/69.jpg,47575,2011-03-31T02:35:24.679Z,goldenleopard285
87b0ac81-5144-416c-82ec-6710f7b0e123,,,,,,,,,,
8ee579a5-dc3c-4d7a-8fe9-cd87933ba1f7,"3167 Calle de La Luna, Pontevedra, Castilla la Mancha, Spain",jesus.rubio@example.com,Jesús,female,Rubio,906-061-027,https://randomuser.me/api/portraits/med/women/58.jpg,25158,2020-07-13T00:38:34.948Z,silvermouse527
dec0c3c4-4777-4e6e-8e97-d471f4408aa1,"8100 Rua Principal, São Gonçalo, Roraima, Brazil",marcelo.silva@example.com,Marcelo,male,Silva,(85) 2359-0839,https://randomuser.me/api/portraits/med/men/32.jpg,88404,2003-05-23T20:30:14.160Z,happyfish471
ad3b8e10-c43c-4c31-a689-63faff0e4a08,"1762 Årrundkroken, Kirkenær, Hedmark, Norway",olai.hestetun@example.com,Olai,male,Hestetun,81342201,https://randomuser.me/api/portraits/med/men/72.jpg,7549,2004-11-13T11:54:18.384Z,redlion889
6bc729ad-beaa-4a49-a69e-139db3f8dcb3,"2267 Fatih Sultan Mehmet Cd, İstanbul, Tekirdağ, Turkey",esma.babacan@example.com,Esma,female,Babacan,(533)-183-8033,https://randomuser.me/api/portraits/med/women/96.jpg,38225,2003-07-20T14:18:02.430Z,ticklishtiger727
e1f4516f-dcc5-4624-b754-00e238cc716d,"1158 Rua Santa Maria , Três Lagoas, Rondônia, Brazil",niete.darosa@example.com,Niete,male,da Rosa,(39) 4897-6087,https://randomuser.me/api/portraits/med/men/99.jpg,44206,2010-08-08T05:50:57.711Z,angrykoala618
d27818dc-f283-49ae-9d5f-aef417a3d982,"1931 Vellala St, Chittoor, Uttarakhand, India",pavitra.dawangave@example.com,Pavitra,female,Dawangave,8529774292,https://randomuser.me/api/portraits/med/women/42.jpg,14821,2017-04-01T17:54:51.214Z,bigswan569
7272b293-c92e-4255-b14e-445e8b72f042,"3711 Linwood Avenue, Dunedin, Manawatu-Wanganui, New Zealand",brooke.green@example.com,Brooke,female,Green,(548)-741-0680,https://randomuser.me/api/portraits/med/women/51.jpg,34938,2022-03-10T17:37:32.888Z,blackwolf332
168a4e34-f8c8-4d5f-8b7d-45c5ad1a72f4,"1512 South Street, Carlisle, Dyfed, United Kingdom",nolan.mason@example.com,Nolan,male,Mason,0110054 510 9564,https://randomuser.me/api/portraits/med/men/25.jpg,FU47 5NU,2004-01-09T05:28:09.797Z,purplerabbit879
a7161f0f-8179-4056-bc4e-f8994dcb577d,"5393 Springfield Road, Arklow, Waterford, Ireland",frank.reed@example.com,Frank,male,Reed,051-181-8604,https://randomuser.me/api/portraits/med/men/62.jpg,77899,2010-06-22T03:11:30.241Z,heavyleopard672
61a2e01d-0792-4f85-b592-28cf27f1f55b,"457 Pali Hill, Satara, Tamil Nadu, India",pavati.dawangave@example.com,Pavati,female,Dawangave,8346782090,https://randomuser.me/api/portraits/med/women/52.jpg,81452,2004-07-13T12:50:55.590Z,ticklishsnake689
16b90d3e-070f-42d9-ac72-2fb7fbba6532,Bangkok,john@email.com,John,male,Doe,123456789,url,10100,2024-01-01,john123
f55d9c27-6887-4cc4-80f1-efcad175138d,"6741 میدان امام حسین, خوی, مازندران, Iran",bnymyn.hmdy@example.com,بنیامین,male,احمدی,052-22728465,https://randomuser.me/api/portraits/med/men/63.jpg,41081,2003-07-19T06:58:12.117Z,bigelephant209
7389ce46-bd50-4e29-9865-87fd79048c15,"6112 The Grove, Gorey, Louth, Ireland",cecil.hamilton@example.com,Cecil,male,Hamilton,041-702-4904,https://randomuser.me/api/portraits/med/men/39.jpg,32146,2006-02-15T18:39:15.709Z,yellowfish595
68e41a7a-77a8-46b2-82e7-42e0d02f23d4,"1842 Tulpenweg, Bernburg (Saale), Hamburg, Germany",stilla.orlowski@example.com,Stilla,female,Orlowski,0770-4461812,https://randomuser.me/api/portraits/med/women/10.jpg,86876,2013-09-10T21:00:47.905Z,goldengorilla864
23a9805b-230e-4904-a69e-9107ed821f69,"6961 Rua João Xxiii, Nova Friburgo, Pernambuco, Brazil",denira.moreira@example.com,Denira,female,Moreira,(09) 0846-7194,https://randomuser.me/api/portraits/med/women/8.jpg,59588,2012-11-22T13:47:11.430Z,angryostrich947
330fb94e-b710-45d1-b144-74b9fe4d65cc,"274 Stevana Sremca, Rekovac, Raška, Serbia",ivica.jeremic@example.com,Ivica,male,Jeremić,036-9979-261,https://randomuser.me/api/portraits/med/men/10.jpg,18872,2021-08-27T06:08:57.735Z,orangegoose759
fef6625d-d838-40d8-9b99-53c0f1644199,"2765 Timber Wolf Trail, Nowra, Western Australia, Australia",dianne.daniels@example.com,Dianne,female,Daniels,03-3649-9550,https://randomuser.me/api/portraits/med/women/30.jpg,815,2010-09-24T15:16:39.868Z,bigpanda296
08bfce41-65eb-44eb-bbc6-9059239a5b42,"6242 Rosenweg, Liebenau, Brandenburg, Germany",dorothea.jordan@example.com,Dorothea,female,Jordan,0644-7750485,https://randomuser.me/api/portraits/med/women/86.jpg,92665,2018-10-17T05:18:46.094Z,bigladybug642
69687850-9049-4c7a-8b80-46151c507a1b,"6890 Kommelderweg, Wijlre, Drenthe, Netherlands",ashwien.haverkort@example.com,Ashwien,male,Haverkort,(0839) 606585,https://randomuser.me/api/portraits/med/men/72.jpg,2392 WV,2015-07-29T09:09:53.666Z,angrypanda697
811ed031-7f57-4bf6-bdfe-c07a0e6ee7e8,"6978 Colaba Causeway, Ujjain, Lakshadweep, India",raksha.anand@example.com,Raksha,female,Anand,9665099384,https://randomuser.me/api/portraits/med/women/4.jpg,24020,2008-07-07T05:19:51.097Z,tinywolf142
6911fb1f-6baa-4523-939d-75674698eb03,"4884 Rue Louis-Garrand, Mörschwil, Neuchâtel, Switzerland",therese.brun@example.com,Therese,female,Brun,076 277 98 55,https://randomuser.me/api/portraits/med/women/42.jpg,5482,2007-04-03T19:53:07.375Z,whitefish540
4bf91fb5-2657-4e1e-8c74-6ca96a17cc1a,"4719 Station Road, Wolverhampton, Lothian, United Kingdom",stanley.moreno@example.com,Stanley,male,Moreno,015242 07215,https://randomuser.me/api/portraits/med/men/74.jpg,PN56 4FS,2003-03-22T20:43:59.694Z,brownzebra496
05a9a888-33d4-445f-90aa-5e1b51f981d3,"6478 North Road, Kinsealy-Drinan, Dublin City, Ireland",fred.green@example.com,Fred,male,Green,021-281-6666,https://randomuser.me/api/portraits/med/men/84.jpg,33034,2022-01-22T18:09:03.085Z,heavyfish352
8f8c6dbb-17c6-4c74-bb14-33135f310c97,"7614 Callejón Chiapas, Miahuatlán, Ciudad de Mexico, Mexico",andres.balderas@example.com,Andrés,male,Balderas,(603) 560 6398,https://randomuser.me/api/portraits/med/men/4.jpg,67483,2010-11-13T18:15:49.803Z,beautifulmouse945
7cc734e6-fa8b-4096-8547-094fb0da5b20,"7918 Paseo de Zorrilla, Vitoria, Melilla, Spain",julio.ramos@example.com,Julio,male,Ramos,927-280-150,https://randomuser.me/api/portraits/med/men/44.jpg,54123,2008-08-03T01:01:17.576Z,bluemouse215
4b727613-7f01-4d75-8eea-2fcff77080b5,"8347 Diagonal Meza, Corte Primero, Sonora, Mexico",karina.urena@example.com,Karina,female,Ureña,(633) 116 0680,https://randomuser.me/api/portraits/med/women/90.jpg,72729,2021-10-13T10:59:32.521Z,angrysnake112
9acd006a-db97-47ae-bcee-64253a889309,"2527 Avenue Joliot Curie, Argenteuil, Côte-D'Or, France",alban.roy@example.com,Alban,male,Roy,01-48-26-32-86,https://randomuser.me/api/portraits/med/men/96.jpg,72040,2013-05-02T00:45:29.813Z,happyzebra678
dfe13b96-76b0-407d-a937-63b12a0c14a6,"2791 Walnut Hill Ln, Launceston, Tasmania, Australia",ramona.hunter@example.com,Ramona,female,Hunter,09-5203-7101,https://randomuser.me/api/portraits/med/women/88.jpg,286,2003-12-19T17:35:03.417Z,purpleladybug823
b58293ad-d109-4bb4-82c0-14c3e0ea9dad,"1335 Istiklal Cd, Artvin, Adana, Turkey",ulku.hakyemez@example.com,Ülkü,female,Hakyemez,(210)-194-3333,https://randomuser.me/api/portraits/med/women/61.jpg,76675,2009-06-07T14:11:04.806Z,beautifulmeercat405
3b148ebe-6976-4e8b-b4ae-747154c13e52,"7482 Pecan Acres Ln, Dubbo, Queensland, Australia",denise.chavez@example.com,Denise,female,Chavez,00-1329-3904,https://randomuser.me/api/portraits/med/women/14.jpg,2656,2011-10-12T14:28:40.679Z,sadswan881
fa999da0-c807-4794-a6fc-be007a94f14d,"9496 Shady Ln Dr, Palmdale, Florida, United States",glen.james@example.com,Glen,male,James,(672) 978-9093,https://randomuser.me/api/portraits/med/men/37.jpg,29651,2003-01-14T19:50:55.163Z,smallrabbit538
d396a69b-a81e-46f0-93de-2331cd0f3db0,"7517 پارک طالقانی, ایلام, فارس, Iran",myr.rdyyn@example.com,امیر,male,رضاییان,023-56191622,https://randomuser.me/api/portraits/med/men/94.jpg,50308,2008-12-25T01:53:07.576Z,purplemeercat457
3181807c-ced8-4f29-9577-3cd561a48332,"1029 Main Road, Cambridge, South Glamorgan, United Kingdom",marvin.ryan@example.com,Marvin,male,Ryan,01819 784076,https://randomuser.me/api/portraits/med/men/64.jpg,U83 0NE,2014-12-08T02:30:12.393Z,blackmouse925
df165752-0bff-4acc-8740-dc5d9679befc,"5386 Appelhofstraat, Rottevalle, Gelderland, Netherlands",marleen.wieringa@example.com,Marleen,female,Wieringa,(007) 0500128,https://randomuser.me/api/portraits/med/women/25.jpg,6504 MB,2015-07-17T07:06:34.722Z,browntiger544
e3f6fcdb-6860-443f-8c9d-553c6b3077ec,"5492 Anatoliya Petrickogo, Reni, Zaporizka, Ukraine",ulichan.stavnichiy@example.com,Ulichan,male,Stavnichiy,(068) B19-3474,https://randomuser.me/api/portraits/med/men/94.jpg,78514,2007-10-27T23:15:46.333Z,happysnake194
71ae7f34-2117-4346-aad0-b97e06e10a1f,"3981 Victoria Ave, Winfield, Québec, Canada",samuel.abraham@example.com,Samuel,male,Abraham,U58 K79-1701,https://randomuser.me/api/portraits/med/men/84.jpg,C0E 8E9,2005-07-16T04:50:33.504Z,browndog192
a4fa9f70-5161-4e85-b17a-e99c214dc775,"7398 Manor Road, Salisbury, Herefordshire, United Kingdom",logan.hopkins@example.com,Logan,male,Hopkins,015395 95809,https://randomuser.me/api/portraits/med/men/64.jpg,F3 2TB,2011-12-28T03:15:18.925Z,goldenfrog809
1aec0c85-07ba-47b0-a3a9-86b814080bf8,"1939 Rue du Moulin, Bad Ragaz, Luzern, Switzerland",fiona.deschamps@example.com,Fiona,female,Deschamps,075 710 40 13,https://randomuser.me/api/portraits/med/women/59.jpg,9403,2012-07-12T11:49:15.843Z,organicwolf447
bf3d06e3-0370-4087-a096-6a6b7d2a1934,"1758 Rue Abel-Ferry, Champigny-sur-Marne, Maine-et-Loire, France",lucien.robert@example.com,Lucien,male,Robert,02-50-42-18-85,https://randomuser.me/api/portraits/med/men/20.jpg,18745,2013-03-22T20:20:29.214Z,yellowbear746
b4bbc0f8-44cc-4f9c-b811-9d65124aedb3,"6075 Mirza Ismail Rd, Bidar, Odisha, India",parv.gamskar@example.com,Parv,male,Gamskar,7811305669,https://randomuser.me/api/portraits/med/men/84.jpg,73491,2018-12-21T09:59:50.099Z,purplegoose632
ecea540d-d58f-4573-af6a-0761f61b96f1,"2793 Nellikevej, Silkeboeg, Nordjylland, Denmark",signe.pedersen@example.com,Signe,female,Pedersen,41663648,https://randomuser.me/api/portraits/med/women/19.jpg,18272,2007-06-01T02:10:35.010Z,browncat372
00120412-5542-44a6-8a69-ef69b0948063,"9156 Tehtaankatu, Oripää, Finland Proper, Finland",luukas.laakso@example.com,Luukas,male,Laakso,08-663-319,https://randomuser.me/api/portraits/med/men/5.jpg,49980,2003-08-16T20:14:48.849Z,blackfish629
b65b64d4-5852-4583-a395-0cc0c74bb5bb,"5842 Calle de Alcalá, Pozuelo de Alarcón, Extremadura, Spain",mercedes.iglesias@example.com,Mercedes,female,Iglesias,938-899-433,https://randomuser.me/api/portraits/med/women/62.jpg,70049,2015-10-14T10:29:53.330Z,tinyleopard127
41535e09-d13e-454b-a409-a2a8368e99bc,"15 Lerchenweg, Winterberg, Bayern, Germany",beatrix.grossmann@example.com,Beatrix,female,Grossmann,0898-2842783,https://randomuser.me/api/portraits/med/women/88.jpg,80366,2017-09-23T20:57:36.585Z,silverlion480
f6d4e613-5512-4bb6-b3ab-7e9a472ba442,"1167 Boranjska, Požarevac, Šumadija, Serbia",arsenije.stojanovic@example.com,Arsenije,male,Stojanović,026-3366-821,https://randomuser.me/api/portraits/med/men/37.jpg,60629,2019-08-18T02:13:27.393Z,happyostrich469
c5f87664-d883-4459-aa54-febae8e122e1,"2358 Pecan Acres Ln, Wagga Wagga, New South Wales, Australia",dean.pierce@example.com,Dean,male,Pierce,04-6968-4645,https://randomuser.me/api/portraits/med/men/11.jpg,6455,2011-01-07T02:13:10.087Z,greencat386
728583d9-c61a-4e53-a04c-9760004c6cd6,"5085 Novara Avenue, Mountmellick, Longford, Ireland",tom.evans@example.com,Tom,male,Evans,061-788-1568,https://randomuser.me/api/portraits/med/men/9.jpg,87053,2003-10-30T00:12:32.288Z,lazybutterfly137
e416bc1b-d513-434c-b6be-ccfffd1a4a3d,"8046 Veletinska, Kraljevo, Pirot, Serbia",petko.kicanovic@example.com,Petko,male,Kićanović,014-6323-833,https://randomuser.me/api/portraits/med/men/16.jpg,96185,2010-02-23T00:30:44.987Z,yellowgorilla197
bab933b1-3ee2-4846-a143-77651023ea2f,"6269 Emil Korsmos vei, Sørvågen, Troms - Romsa, Norway",gunnar.nordberg@example.com,Gunnar,male,Nordberg,74856281,https://randomuser.me/api/portraits/med/men/5.jpg,3205,2018-10-14T16:01:52.012Z,sadsnake621
1ffe9c03-d588-4146-8313-0601451e3364,"2678 W Gray St, Miramar, Nebraska, United States",ken.wood@example.com,Ken,male,Wood,(703) 698-2941,https://randomuser.me/api/portraits/med/men/95.jpg,34778,2018-05-13T00:57:05.486Z,purpleladybug436
5089a702-4bf1-4295-b406-bde60a0547ba,"3205 نبرد جنوبی, کرمان, همدان, Iran",myr.khmrw@example.com,امیر,male,کامروا,036-15108026,https://randomuser.me/api/portraits/med/men/7.jpg,79519,2004-10-11T07:19:36.687Z,brownrabbit438
eba97b9f-93ad-4f6b-96be-0298faed7f9a,"2133 Bellisvej, Roskilde, Hovedstaden, Denmark",emilie.pedersen@example.com,Emilie,female,Pedersen,81705949,https://randomuser.me/api/portraits/med/women/49.jpg,82843,2006-03-24T15:49:49.530Z,angrywolf290
2232bcdd-0b35-4442-8c99-45c8b569ea2e,"5259 Necatibey Cd, Batman, Gümüşhane, Turkey",okan.velioglu@example.com,Okan,male,Velioğlu,(335)-052-1701,https://randomuser.me/api/portraits/med/men/80.jpg,49498,2013-12-02T01:25:51.027Z,organicleopard635
3bba2a08-2c69-4eee-bea7-fb731835691d,"4584 Atkinson Avenue, Hastings, Tasman, New Zealand",stella.johnson@example.com,Stella,female,Johnson,(079)-137-5838,https://randomuser.me/api/portraits/med/women/91.jpg,47754,2003-08-19T16:21:40.560Z,silvergoose796
0a6fbe41-6db3-4b0a-b2bc-173c08a98b84,"7568 Verkatehtaankatu, Eurajoki, Southern Savonia, Finland",sofia.karvonen@example.com,Sofia,female,Karvonen,04-679-939,https://randomuser.me/api/portraits/med/women/24.jpg,93709,2009-04-08T20:57:20.909Z,whitebear776
a8437274-6e06-45b9-9f97-a0526ddfc821,"9278 Tecumseh Rd, Carleton, Saskatchewan, Canada",zackary.martin@example.com,Zackary,male,Martin,T29 E71-2711,https://randomuser.me/api/portraits/med/men/4.jpg,Z4W 0E7,2012-04-19T06:11:31.799Z,bigostrich660
6a3565de-74f8-4064-94d0-4c9201eaacf9,"6371 Chimanlal Girdharlal Rd, Kurnool, Maharashtra, India",yagnesh.gupta@example.com,Yagnesh,male,Gupta,8830795656,https://randomuser.me/api/portraits/med/men/84.jpg,22868,2014-06-19T12:49:51.617Z,happypanda852
8937714a-a145-434b-9512-9ed18a1ee9be,,,,,,,,,,
720c2ac0-5e13-4928-b747-5fa47874e491,"4957 Abbedisvingen, Klokkarstua, Sogn og Fjordane, Norway",alf.eike@example.com,Alf,male,Eike,30339440,https://randomuser.me/api/portraits/med/men/77.jpg,9453,2013-03-08T14:40:23.216Z,brownduck134
9a1183f4-0841-4465-a1ba-6f5b4e7cc498,"8692 Necatibey Cd, Malatya, Trabzon, Turkey",gul.sadiklar@example.com,Gül,female,Sadıklar,(879)-829-1397,https://randomuser.me/api/portraits/med/women/52.jpg,81161,2004-04-25T00:03:22.043Z,happywolf933
c0e615f1-870a-4f33-a1af-9a1f69005433,"4344 Manchester Road, Peterborough, Warwickshire, United Kingdom",mary.bennett@example.com,Mary,female,Bennett,015242 99654,https://randomuser.me/api/portraits/med/women/35.jpg,YO5 1QQ,2003-06-08T20:53:23.556Z,ticklishswan111
9ef7e233-04b7-42ee-8c0c-a6d266015ad1,"5374 The Avenue, Waterford, Kildare, Ireland",lillian.omahony@example.com,Lillian,female,Omahony,051-805-8420,https://randomuser.me/api/portraits/med/women/76.jpg,18854,2008-11-14T17:39:35.872Z,beautifulladybug605
7f63699c-bee6-4d7b-a6fd-b4e1110ccbb8,"5845 Kushimoto Sk, Manisa, Giresun, Turkey",afet.topcuoglu@example.com,Afet,female,Topçuoğlu,(755)-719-2494,https://randomuser.me/api/portraits/med/women/32.jpg,77691,2017-02-13T07:09:01.714Z,bluebear535
21bf0f2a-f676-413d-981a-ec18632f90c9,"1372 New Road, Ely, Central, United Kingdom",cameron.boyd@example.com,Cameron,male,Boyd,019467 05296,https://randomuser.me/api/portraits/med/men/75.jpg,WR8T 3ZE,2006-10-25T18:38:19.691Z,silvercat540
f75831b9-3623-4c67-84a4-0a074301ef66,"8705 Aleksanterinkatu, Savonlinna, Southern Ostrobothnia, Finland",milja.aalto@example.com,Milja,female,Aalto,04-372-382,https://randomuser.me/api/portraits/med/women/7.jpg,23624,2008-05-30T18:04:57.029Z,tinybutterfly843
81afb61d-5f6d-4ae5-b794-3f34786501db,Bangkok,john@email.com,John,male,Doe,123456789,url,10100,2024-01-01,john123
72e3e132-ca59-4d32-92a8-eedaa44d2c95,"4200 Maçka Cd, Tokat, Ordu, Turkey",vedat.elicin@example.com,Vedat,male,Eliçin,(383)-345-6191,https://randomuser.me/api/portraits/med/men/48.jpg,97721,2019-11-18T02:13:30.440Z,bluemeercat374
4c31a67d-5e5f-4d5a-ab76-b2121ae3a81e,"2856 Corredor Tlaxcala, El Vergel (Ejido El Vergel), Queretaro, Mexico",paola.ayala@example.com,Paola,female,Ayala,(682) 302 6042,https://randomuser.me/api/portraits/med/women/70.jpg,70000,2012-11-18T22:55:08.350Z,silverelephant741
66870df2-e538-4d2a-b26a-5d1361eee853,"9677 Victoria Ave, Chipman, Ontario, Canada",maeva.jones@example.com,Maeva,female,Jones,O40 T23-1354,https://randomuser.me/api/portraits/med/women/31.jpg,C9X 7F6,2020-06-20T00:40:40.369Z,bigladybug955
d9aa322f-cb8d-40d0-a5c9-b7e57d6e4b16,"2791 Galechko, Rogatin, Lvivska, Ukraine",virginiya.kopil@example.com,Virginiya,female,Kopil,(099) K55-0581,https://randomuser.me/api/portraits/med/women/39.jpg,57279,2003-05-02T20:32:44.541Z,crazybear646
7888e1d1-0500-4d4c-9679-184110682f2b,"9929 Øvre Prinsdals vei, Hermansverk, Bergen, Norway",varin.tekle@example.com,Vårin,female,Tekle,51848075,https://randomuser.me/api/portraits/med/women/67.jpg,8536,2013-09-17T11:34:41.039Z,beautifulrabbit834
ad9a67b7-0bcb-4816-af72-d19a1d315bd8,"8945 Pispalan Valtatie, Loppi, Kymenlaakso, Finland",oskari.wiitala@example.com,Oskari,male,Wiitala,07-803-682,https://randomuser.me/api/portraits/med/men/4.jpg,17463,2003-01-24T08:14:32.872Z,beautifuldog374
16ef7bc1-2f60-45af-bcff-edab34055839,"3414 Mustads vei, Skånevik, Vestfold, Norway",tormod.engdal@example.com,Tormod,male,Engdal,27319961,https://randomuser.me/api/portraits/med/men/32.jpg,6697,2014-02-01T19:41:08.205Z,greenleopard710
be8d9754-d76d-4e6c-b9a2-8551daa9b447,"6076 Port Hills Road, Masterton, Taranaki, New Zealand",evelyn.robinson@example.com,Evelyn,female,Robinson,(663)-875-0404,https://randomuser.me/api/portraits/med/women/88.jpg,54057,2012-09-02T00:33:57.241Z,blackfrog458
a1833e63-fa83-4b89-a221-c4ca03d00fcf,,,,,,,,,,
b5e16700-5800-45e6-b386-481a2a18f256,"4358 Place du 8 Février 1962, Tours, Paris, France",adele.lecomte@example.com,Adèle,female,Lecomte,03-25-41-87-27,https://randomuser.me/api/portraits/med/women/48.jpg,73493,2010-10-18T05:39:05.459Z,happymouse111
d49d3b70-c730-47a9-aa61-805d1ceeb104,"9638 Montée du Chemin-Neuf, Villigen, Solothurn, Switzerland",massimo.roy@example.com,Massimo,male,Roy,078 228 61 06,https://randomuser.me/api/portraits/med/men/94.jpg,8778,2018-10-01T08:07:29.508Z,organicfish719
f1f93833-fdc4-4565-9a97-cea269817e5b,"978 Forest Ln, Busselton, Northern Territory, Australia",ivan.riley@example.com,Ivan,male,Riley,01-6746-3669,https://randomuser.me/api/portraits/med/men/1.jpg,2012,2017-08-16T23:29:47.698Z,blacktiger944
cd1a81d9-197d-48a2-93d9-da9c76d98825,"8484 Viyskova, Berdyansk, Kiyivska, Ukraine",violetta.hristich@example.com,Violetta,female,Hristich,(099) S74-6988,https://randomuser.me/api/portraits/med/women/5.jpg,83065,2004-02-05T15:42:39.583Z,angrypeacock309
7e8e20bc-ecdc-4891-a75b-a64140aa91f8,"47 Rua Duque de Caxias , Juazeiro, Alagoas, Brazil",gleisy.ramos@example.com,Gleisy,female,Ramos,(83) 0985-1007,https://randomuser.me/api/portraits/med/women/2.jpg,87900,2016-06-13T11:41:26.879Z,blackduck149
7db30aa5-d837-40e8-bdfb-14db6e66b3a5,"8988 Paseo de Extremadura, Vigo, Cataluña, Spain",ernesto.diaz@example.com,Ernesto,male,Diaz,936-205-161,https://randomuser.me/api/portraits/med/men/56.jpg,22343,2021-01-15T18:15:20.783Z,greenduck837
c69a6158-3029-4741-8b47-5e71d62b9199,"5108 Rue de Bonnel, Le Havre, Ille-et-Vilaine, France",samuel.dufour@example.com,Samuel,male,Dufour,02-58-36-43-71,https://randomuser.me/api/portraits/med/men/4.jpg,75900,2008-06-19T00:05:06.598Z,purplezebra438
4dfa8ad0-2cc7-4205-93b0-10444b394a48,"9759 Ringstraße, Naumburg, Brandenburg, Germany",sylwia.hundt@example.com,Sylwia,female,Hundt,0306-8403301,https://randomuser.me/api/portraits/med/women/48.jpg,19121,2021-02-01T10:13:53.401Z,smallwolf796
1188f9b6-6a13-4919-9159-f20c0f0d3400,"2903 Kjølberggata, Røstlandet, Oppland, Norway",maximillian.fagervold@example.com,Maximillian,male,Fagervold,50855816,https://randomuser.me/api/portraits/med/men/36.jpg,8207,2021-05-27T09:39:57.340Z,yellowleopard467
78425476-7ef1-4414-b81c-2f119436f89a,"5040 Nelson Quay, Porirua, Gisborne, New Zealand",sebastian.lee@example.com,Sebastian,male,Lee,(400)-041-0137,https://randomuser.me/api/portraits/med/men/65.jpg,40492,2010-10-01T07:09:38.679Z,happycat224
b328fe18-ad3f-4bda-b430-1a53d0612598,"2547 Old Jail Rd, Madurai, Arunachal Pradesh, India",kavyashri.suvarna@example.com,Kavyashri,female,Suvarna,9466310890,https://randomuser.me/api/portraits/med/women/8.jpg,88044,2009-08-10T11:41:04.726Z,happydog356
f4415df7-c316-4220-9a50-5d04acaf5744,"4788 Lærkevej, Nørrebro, Sjælland, Denmark",victor.thomsen@example.com,Victor,male,Thomsen,20071906,https://randomuser.me/api/portraits/med/men/12.jpg,48283,2020-01-15T05:36:46.021Z,purplepanda809
99034a46-0cb5-4ab7-a9af-f50d94955573,"6320 Mannerheimintie, Isokyrö, Lapland, Finland",niklas.kyllo@example.com,Niklas,male,Kyllo,05-399-486,https://randomuser.me/api/portraits/med/men/7.jpg,22734,2020-12-06T09:11:59.961Z,ticklishrabbit176
e691cbf7-8f24-4b2d-a019-9d2487a3e71a,"6068 Ullveien, Skålevik, Telemark, Norway",andreas.kjerstad@example.com,Andreas,male,Kjerstad,53385042,https://randomuser.me/api/portraits/med/men/99.jpg,4862,2015-11-14T01:45:24.275Z,greenbird918
7662b37d-464a-400d-beac-0561522aabd0,"2827 Kunnenbeemd, De Hoef, Noord-Holland, Netherlands",sera.vanhemmen@example.com,Sera,female,Van Hemmen,(0688) 906773,https://randomuser.me/api/portraits/med/women/36.jpg,1647 GM,2019-03-14T22:23:42.650Z,sadsnake523
3cce041e-b9bb-499a-bb27-e032983e0b1d,"9543 Abanoz Sk, Karaman, Bayburt, Turkey",oya.durak@example.com,Oya,female,Durak,(242)-276-9956,https://randomuser.me/api/portraits/med/women/65.jpg,81757,2021-11-28T11:53:32.861Z,redbear503
b45a677b-8b41-4f78-82d0-3a7be39786a7,"8010 Dufferin St, Trenton, Prince Edward Island, Canada",ethan.anderson@example.com,Ethan,male,Anderson,P95 H10-2115,https://randomuser.me/api/portraits/med/men/14.jpg,W9W 4E3,2016-12-08T23:01:19.549Z,redleopard258
ce1408a1-e2fc-401f-bf10-bd4d510548c9,"663 Linhusveien, Oppeid, Akershus, Norway",rita.naes@example.com,Rita,female,Næs,67142385,https://randomuser.me/api/portraits/med/women/68.jpg,9536,2007-08-23T01:33:07.849Z,sadduck170
02a01636-2c31-49b6-8424-f569b8dc1f95,"7207 York Road, Carrigaline, Dún Laoghaire–Rathdown, Ireland",danielle.thompson@example.com,Danielle,female,Thompson,041-097-8687,https://randomuser.me/api/portraits/med/women/75.jpg,16593,2020-02-08T10:28:03.366Z,brownmouse775
62a7f89e-90ef-47c8-95ef-a9efc94d8272,"2652 Kirchgasse, Großbreitenbach, Mecklenburg-Vorpommern, Germany",randolf.huls@example.com,Randolf,male,Hüls,0272-2659117,https://randomuser.me/api/portraits/med/men/47.jpg,40387,2018-03-13T12:48:50.788Z,blackkoala104
9245d269-ccc2-4354-aa56-9dd585b41a02,"6374 Doncova, Kremenchuk, Chernivecka, Ukraine",musiy.dehtyarenko@example.com,Musiy,male,Dehtyarenko,(068) B77-4313,https://randomuser.me/api/portraits/med/men/89.jpg,82249,2013-01-20T04:14:02.088Z,orangemeercat287
53405e46-c052-448e-8638-0ed2b18228b8,"5802 Prospekt Ivana Mazepi, Veliki Mosti, Ternopilska, Ukraine",vitan.bozhko@example.com,Vitan,male,Bozhko,(068) N14-9455,https://randomuser.me/api/portraits/med/men/65.jpg,36191,2017-06-19T10:31:47.645Z,goldenduck573
1869b5c3-afc3-4f37-b3fb-e85c84022967,,,,,,,,,,
a33c2de9-89bd-49f3-ac93-4ffdbb8b7a8f,"5524 Rua Alagoas , Abaetetuba, Alagoas, Brazil",darcio.jesus@example.com,Dárcio,male,Jesus,(92) 8967-8842,https://randomuser.me/api/portraits/med/men/84.jpg,97654,2004-09-23T18:08:03.032Z,tinybear870
c36ea4e3-caeb-483d-a66e-31b0ff87926f,"3812 London Road, Coventry, County Antrim, United Kingdom",riley.lambert@example.com,Riley,male,Lambert,017683 38888,https://randomuser.me/api/portraits/med/men/22.jpg,A4C 3GD,2019-08-12T20:06:49.702Z,redbear864
